<rss version="2.0" xmlns:atom="http://www.w3.org/2005/Atom">
  <channel>
    <title>Rational Exponent – Resources</title>
    <link>//localhost:1313/resources/</link>
    <description>Recent content in Resources on Rational Exponent</description>
    <generator>Hugo -- gohugo.io</generator>
    <language>en-us</language>
    
	  <atom:link href="//localhost:1313/resources/index.xml" rel="self" type="application/rss+xml" />
    
    
      
        
      
    
    
  </channel>
</rss>
